categoria,regiao,local,endereco,data,hora,atracao,djs_intervalo
Palcos e Pistas,Centro,Palco Anhangabaú,"Pq Anhangabaú, 350 - Centro Histórico de São Paulo",23/05/2026,17:00,João Carlos Martins,
Palcos e Pistas,Centro,Palco Anhangabaú,"Pq Anhangabaú, 350 - Centro Histórico de São Paulo",23/05/2026,18:00,Mocidade Alegre,
Palcos e Pistas,Centro,Palco Anhangabaú,"Pq Anhangabaú, 350 - Centro Histórico de São Paulo",23/05/2026,19:30,Péricles,
Palcos e Pistas,Centro,Palco Anhangabaú,"Pq Anhangabaú, 350 - Centro Histórico de São Paulo",23/05/2026,22:00,Luisa Sonza,
Palcos e Pistas,Centro,Palco Anhangabaú,"Pq Anhangabaú, 350 - Centro Histórico de São Paulo",24/05/2026,00:30,Manu Chao,
Palcos e Pistas,Centro,Palco Anhangabaú,"Pq Anhangabaú, 350 - Centro Histórico de São Paulo",24/05/2026,03:00,Orchestre Polyritmo de Cotonou,
Palcos e Pistas,Centro,Palco Anhangabaú,"Pq Anhangabaú, 350 - Centro Histórico de São Paulo",24/05/2026,05:30,Western Standard Time,
Palcos e Pistas,Centro,Palco Anhangabaú,"Pq Anhangabaú, 350 - Centro Histórico de São Paulo",24/05/2026,09:00,Funmilayo Afrobeat Orquestra,
Palcos e Pistas,Centro,Palco Anhangabaú,"Pq Anhangabaú, 350 - Centro Histórico de São Paulo",24/05/2026,14:00,Marina Sena,
Palcos e Pistas,Centro,Palco Anhangabaú,"Pq Anhangabaú, 350 - Centro Histórico de São Paulo",24/05/2026,16:30,Seu Jorge,
Palcos e Pistas,Centro,Palco Anhangabaú,"Pq Anhangabaú, 350 - Centro Histórico de São Paulo",24/05/2026,18:30,Alexandre Pires,
Palcos e Pistas,Centro,Palco Arouche,Largo do Arouche s/n - Centro,23/05/2026,19:00,Jadsa,
Palcos e Pistas,Centro,Palco Arouche,Largo do Arouche s/n - Centro,23/05/2026,21:00,Catto,
Palcos e Pistas,Centro,Palco Arouche,Largo do Arouche s/n - Centro,23/05/2026,23:00,Brisa Flow e DJ Lys Ventura,
Palcos e Pistas,Centro,Palco Arouche,Largo do Arouche s/n - Centro,24/05/2026,01:00,Ebony,
Palcos e Pistas,Centro,Palco Arouche,Largo do Arouche s/n - Centro,24/05/2026,03:00,Mc Luanna,
Palcos e Pistas,Centro,Palco Arouche,Largo do Arouche s/n - Centro,24/05/2026,05:00,Urias,
Palcos e Pistas,Centro,Palco Arouche,Largo do Arouche s/n - Centro,24/05/2026,10:00,Bruna Mendez,
Palcos e Pistas,Centro,Palco Arouche,Largo do Arouche s/n - Centro,24/05/2026,12:00,Núbia,
Palcos e Pistas,Centro,Palco Arouche,Largo do Arouche s/n - Centro,24/05/2026,14:00,Tulipa Ruiz,
Palcos e Pistas,Centro,Palco Arouche,Largo do Arouche s/n - Centro,24/05/2026,16:00,Ajulliacosta,
Palcos e Pistas,Centro,Palco Arouche,Largo do Arouche s/n - Centro,24/05/2026,18:00,Céu - 20 anos,
Palcos e Pistas,Centro,Centro Cultural Olido,"Av. São João, 473 - Centro Histórico de São Paulo",23/05/2026,18:00,Mulheriu Clã,
Palcos e Pistas,Centro,Centro Cultural Olido,"Av. São João, 473 - Centro Histórico de São Paulo",23/05/2026,20:30,Uma Viagem pela Índia através da Dança,
Palcos e Pistas,Centro,Centro Cultural Olido,"Av. São João, 473 - Centro Histórico de São Paulo",23/05/2026,23:00,Bienal Internacional de Dança do Ceará apresenta Nosso Baile,
Palcos e Pistas,Centro,Centro Cultural Olido,"Av. São João, 473 - Centro Histórico de São Paulo",24/05/2026,11:00,Ariah - 08 ao 80,
Palcos e Pistas,Centro,Centro Cultural Olido,"Av. São João, 473 - Centro Histórico de São Paulo",24/05/2026,16:00,Jorge Garcia Companhia de Dança - Inflamável com o Oceano Inteiro para Nadar,
Palcos e Pistas,Centro,Centro Cultural Olido,"Av. São João, 473 - Centro Histórico de São Paulo",24/05/2026,16:00,Orquestra Brasileira de Música Jamaicana,
Palcos e Pistas,Centro,Centro Cultural Olido,"Av. São João, 473 - Centro Histórico de São Paulo",24/05/2026,21:00,Cia Ateliê do Gesto,
Palcos e Pistas,Centro,Jazz 24h - Ramos de Azevedo,"Praça Ramos de Azevedo, República",23/05/2026,18:00,Deejazz participação Izzy Gordon,"DJ Janaina Nas, DJ Mary G, DJ Calle e DJ Pensanuvem"
Palcos e Pistas,Centro,Jazz 24h - Ramos de Azevedo,"Praça Ramos de Azevedo, República",23/05/2026,20:00,Sintia Piccin Quinteto,"DJ Janaina Nas, DJ Mary G, DJ Calle e DJ Pensanuvem"
Palcos e Pistas,Centro,Jazz 24h - Ramos de Azevedo,"Praça Ramos de Azevedo, República",23/05/2026,22:00,Marcos Fischer Quinteto,"DJ Janaina Nas, DJ Mary G, DJ Calle e DJ Pensanuvem"
Palcos e Pistas,Centro,Jazz 24h - Ramos de Azevedo,"Praça Ramos de Azevedo, República",24/05/2026,00:00,Joy Sales tributo a Erikah Badu,"DJ Janaina Nas, DJ Mary G, DJ Calle e DJ Pensanuvem"
Palcos e Pistas,Centro,Jazz 24h - Ramos de Azevedo,"Praça Ramos de Azevedo, República",24/05/2026,02:00,Lucas Gomes Quinteto,"DJ Janaina Nas, DJ Mary G, DJ Calle e DJ Pensanuvem"
Palcos e Pistas,Centro,Jazz 24h - Ramos de Azevedo,"Praça Ramos de Azevedo, República",24/05/2026,03:30,Barranco Trio,"DJ Janaina Nas, DJ Mary G, DJ Calle e DJ Pensanuvem"
Palcos e Pistas,Centro,Jazz 24h - Ramos de Azevedo,"Praça Ramos de Azevedo, República",24/05/2026,05:00,Tarkus Trio,"DJ Janaina Nas, DJ Mary G, DJ Calle e DJ Pensanuvem"
Palcos e Pistas,Centro,Jazz 24h - Ramos de Azevedo,"Praça Ramos de Azevedo, República",24/05/2026,09:00,Lilian Estela Quarteto,"DJ Janaina Nas, DJ Mary G, DJ Calle e DJ Pensanuvem"
Palcos e Pistas,Centro,Jazz 24h - Ramos de Azevedo,"Praça Ramos de Azevedo, República",24/05/2026,11:00,Giu Nogueira Quarteto,"DJ Janaina Nas, DJ Mary G, DJ Calle e DJ Pensanuvem"
Palcos e Pistas,Centro,Jazz 24h - Ramos de Azevedo,"Praça Ramos de Azevedo, República",24/05/2026,13:00,Lua Bernado Quinteto,"DJ Janaina Nas, DJ Mary G, DJ Calle e DJ Pensanuvem"
Palcos e Pistas,Centro,Jazz 24h - Ramos de Azevedo,"Praça Ramos de Azevedo, República",24/05/2026,15:00,Gabriel Gaiardo Trio,"DJ Janaina Nas, DJ Mary G, DJ Calle e DJ Pensanuvem"
Palcos e Pistas,Centro,Jazz 24h - Ramos de Azevedo,"Praça Ramos de Azevedo, República",24/05/2026,17:00,Bocato Quinteto,"DJ Janaina Nas, DJ Mary G, DJ Calle e DJ Pensanuvem"
Palcos e Pistas,Centro,Paissandu,"Lg. do Paissandú, s/n - Centro Histórico de São Paulo",23/05/2026,18:00,Grupo Folclórico Paulista Caiapós de Piracaia,
Palcos e Pistas,Centro,Paissandu,"Lg. do Paissandú, s/n - Centro Histórico de São Paulo",23/05/2026,19:00,Grupo Grito da Noite - Santana do Parnaíba,
Palcos e Pistas,Centro,Paissandu,"Lg. do Paissandú, s/n - Centro Histórico de São Paulo",23/05/2026,20:00,Batuque de Umbigada Mestre Bom Princípio - Rafard,
Palcos e Pistas,Centro,Paissandu,"Lg. do Paissandú, s/n - Centro Histórico de São Paulo",23/05/2026,21:00,Batuque de Umbigada Terreiro Mestre Herculano - Tietê,
Palcos e Pistas,Centro,Paissandu,"Lg. do Paissandú, s/n - Centro Histórico de São Paulo",23/05/2026,21:30,"Cortejo de Maracatus (Maracatu Baque CT, Maracatu de Baque Virado com a Cia Caracaxá, Maracatu Baque Livre)",
Palcos e Pistas,Centro,Paissandu,"Lg. do Paissandú, s/n - Centro Histórico de São Paulo",23/05/2026,22:00,Jongo Turi Vimba - Salto de Pirapora,
Palcos e Pistas,Centro,Paissandu,"Lg. do Paissandú, s/n - Centro Histórico de São Paulo",23/05/2026,23:00,Jongo Mistura da Raça de São José dos Campos,
Palcos e Pistas,Centro,Paissandu,"Lg. do Paissandú, s/n - Centro Histórico de São Paulo",24/05/2026,00:00,Jongo Tamandaré de Guaratinguetá,
Palcos e Pistas,Centro,Paissandu,"Lg. do Paissandú, s/n - Centro Histórico de São Paulo",24/05/2026,01:00,Jongo Filhos da Semente - Indaiatuba,
Palcos e Pistas,Centro,Paissandu,"Lg. do Paissandú, s/n - Centro Histórico de São Paulo",24/05/2026,02:00,Jongo Embu das Artes,
Palcos e Pistas,Centro,Paissandu,"Lg. do Paissandú, s/n - Centro Histórico de São Paulo",24/05/2026,03:00,Jongo de Piquete,
Palcos e Pistas,Centro,Paissandu,"Lg. do Paissandú, s/n - Centro Histórico de São Paulo",24/05/2026,04:00,Jongo Nzungo,
Palcos e Pistas,Centro,Paissandu,"Lg. do Paissandú, s/n - Centro Histórico de São Paulo",24/05/2026,05:00,Condongueiros do Campo Limpo,
Palcos e Pistas,Centro,Paissandu,"Lg. do Paissandú, s/n - Centro Histórico de São Paulo",24/05/2026,07:00,Congada São Benedito de Cotia Celebra a negritude,
Palcos e Pistas,Centro,Paissandu,"Lg. do Paissandú, s/n - Centro Histórico de São Paulo",24/05/2026,08:00,Congada do Parque São Bernardo - SBC,
Palcos e Pistas,Centro,Paissandu,"Lg. do Paissandú, s/n - Centro Histórico de São Paulo",24/05/2026,09:00,Congada Dona Luiza de São Bento do Sapucaí,
Palcos e Pistas,Centro,Paissandu,"Lg. do Paissandú, s/n - Centro Histórico de São Paulo",24/05/2026,10:00,Congada Azul de Atibaia,
Palcos e Pistas,Centro,Paissandu,"Lg. do Paissandú, s/n - Centro Histórico de São Paulo",24/05/2026,11:00,Congada Marinheiros de Piracaia,
Palcos e Pistas,Centro,Paissandu,"Lg. do Paissandú, s/n - Centro Histórico de São Paulo",24/05/2026,12:00,Congada Verde de Periquitos Piracaia,
Palcos e Pistas,Centro,Paissandu,"Lg. do Paissandú, s/n - Centro Histórico de São Paulo",24/05/2026,13:00,Congada de São Benedito do Erê - Tremembé,
Palcos e Pistas,Centro,Paissandu,"Lg. do Paissandú, s/n - Centro Histórico de São Paulo",24/05/2026,14:00,Congada Terno de Sainha Irmãos Paiva - Santo Antonio da Alegria,
Palcos e Pistas,Centro,Paissandu,"Lg. do Paissandú, s/n - Centro Histórico de São Paulo",24/05/2026,15:00,Catupé Unidos de Santa Efigênia - Santo Antonio da Alegria,
Palcos e Pistas,Centro,Paissandu,"Lg. do Paissandú, s/n - Centro Histórico de São Paulo",24/05/2026,16:00,Boneções Pereirões e Batuque Tião Monheca - Monteiro Lobato,
Palcos e Pistas,Centro,Paissandu,"Lg. do Paissandú, s/n - Centro Histórico de São Paulo",24/05/2026,17:00,Boneções da Mantiqueira de Caçapava,
Palcos e Pistas,Centro,Palco São João,"Av. São João, 1101 - República",23/05/2026,18:00,Sidney Magal,
Palcos e Pistas,Centro,Palco São João,"Av. São João, 1101 - República",23/05/2026,21:00,Odair José,
Palcos e Pistas,Centro,Palco São João,"Av. São João, 1101 - República",23/05/2026,23:30,Banda Fruto Sensual,
Palcos e Pistas,Centro,Palco São João,"Av. São João, 1101 - República",24/05/2026,02:00,Gaby Amarantos,
Palcos e Pistas,Centro,Palco São João,"Av. São João, 1101 - República",24/05/2026,04:30,Johnny Hooker,
Palcos e Pistas,Centro,Palco São João,"Av. São João, 1101 - República",24/05/2026,11:00,Rom Santana,
Palcos e Pistas,Centro,Palco São João,"Av. São João, 1101 - República",24/05/2026,13:00,Juliana Linhares,
Palcos e Pistas,Centro,Palco São João,"Av. São João, 1101 - República",24/05/2026,15:00,Otto canta Reginaldo Rossi,
Palcos e Pistas,Centro,Palco São João,"Av. São João, 1101 - República",24/05/2026,18:00,Joelma,
Palcos e Pistas,Centro,Piano na Praça,"Praça Dom José Gaspar, Centro Histórico de São Paulo",23/05/2026,18:00,Yantó - Show Solo,
Palcos e Pistas,Centro,Piano na Praça,"Praça Dom José Gaspar, Centro Histórico de São Paulo",23/05/2026,20:00,Beba Zanettini - Piano Solo,
Palcos e Pistas,Centro,Piano na Praça,"Praça Dom José Gaspar, Centro Histórico de São Paulo",24/05/2026,02:00,EcoMusica e Tom Jobim Piano Solo,
Palcos e Pistas,Centro,Piano na Praça,"Praça Dom José Gaspar, Centro Histórico de São Paulo",24/05/2026,04:00,Elias Jó - Piano na Praça,
Palcos e Pistas,Centro,Piano na Praça,"Praça Dom José Gaspar, Centro Histórico de São Paulo",24/05/2026,06:00,"Jane Duboc em ""de Lá Pra Cá""",
Palcos e Pistas,Centro,Piano na Praça,"Praça Dom José Gaspar, Centro Histórico de São Paulo",24/05/2026,08:00,Klüber - Melindre,
Palcos e Pistas,Centro,Piano na Praça,"Praça Dom José Gaspar, Centro Histórico de São Paulo",24/05/2026,10:00,Luana Mascari - Onde o Coração Está,
Palcos e Pistas,Centro,Pista 24 de maio,"R. 24 de Maio, 185 - República",23/05/2026,18:00,Afrogroove,
Palcos e Pistas,Centro,Pista 24 de maio,"R. 24 de Maio, 185 - República",24/05/2026,00:00,Fuego Dancehall,
Palcos e Pistas,Centro,Pista 24 de maio,"R. 24 de Maio, 185 - República",24/05/2026,06:00,Rotação Brasil,
Palcos e Pistas,Centro,Pista 24 de maio,"R. 24 de Maio, 185 - República",24/05/2026,12:00,Mathosa,
Palcos e Pistas,Centro,Pista Aurora,"R. Aurora, 736 - Santa Ifigênia",23/05/2026,18:00,Deekapz apresenta 0800,
Palcos e Pistas,Centro,Pista Aurora,"R. Aurora, 736 - Santa Ifigênia",24/05/2026,00:00,Showmentaum,
Palcos e Pistas,Centro,Pista Aurora,"R. Aurora, 736 - Santa Ifigênia",24/05/2026,06:00,Heels of Love,
Palcos e Pistas,Centro,Pista Aurora,"R. Aurora, 736 - Santa Ifigênia",24/05/2026,12:00,Sistema Criolina,
Palcos e Pistas,Centro,Pista da República,"Praça da República, 23 - República",23/05/2026,18:00,Veneno Live,
Palcos e Pistas,Centro,Pista da República,"Praça da República, 23 - República",24/05/2026,00:00,Nyege Nyege,
Palcos e Pistas,Centro,Pista da República,"Praça da República, 23 - República",24/05/2026,03:00,Edna Martinez,
Palcos e Pistas,Centro,Pista da República,"Praça da República, 23 - República",24/05/2026,04:30,Trepanado,
Palcos e Pistas,Centro,Pista da República,"Praça da República, 23 - República",24/05/2026,12:00,Gop Tun,
Palcos e Pistas,Centro,Quitanda Centro,"Centro - São Paulo, SP",23/05/2026,19:00,Quinteto Mangabera - Choro em Festa,
Palcos e Pistas,Centro,Quitanda Centro,"Centro - São Paulo, SP",23/05/2026,21:00,Choronas 30 anos,
Palcos e Pistas,Centro,Quitanda Centro,"Centro - São Paulo, SP",24/05/2026,01:00,Nos Combates da Vida - Nilze Carvalho,
Palcos e Pistas,Centro,Quitanda Centro,"Centro - São Paulo, SP",24/05/2026,03:00,Choro no Eixo com Márcio Marinho e Convidados,
Palcos e Pistas,Centro,Quitanda Centro,"Centro - São Paulo, SP",24/05/2026,09:00,Silvia Goes Chorando à Vontade,
Palcos e Pistas,Centro,Quitanda Centro,"Centro - São Paulo, SP",24/05/2026,11:00,Regional Uirapuru,
Palcos e Pistas,Centro,Pista Cine Arouche,"Largo do Arouche, 438 - Centro",23/05/2026,18:00,Bogota,
Palcos e Pistas,Centro,Pista Cine Arouche,"Largo do Arouche, 438 - Centro",24/05/2026,12:00,Coletiva Cesta de versões,
Palcos e Pistas,Centro,Pista Forró,"Centro - São Paulo, SP",23/05/2026,19:00,Maha Brasil,"DJ Rata, DJ Jad e Discoteca Forró Veneno"
Palcos e Pistas,Centro,Pista Forró,"Centro - São Paulo, SP",23/05/2026,20:00,Tanaka do Pife,"DJ Rata, DJ Jad e Discoteca Forró Veneno"
Palcos e Pistas,Centro,Pista Forró,"Centro - São Paulo, SP",23/05/2026,21:30,Trio Sabiá,"DJ Rata, DJ Jad e Discoteca Forró Veneno"
Palcos e Pistas,Centro,Pista Forró,"Centro - São Paulo, SP",24/05/2026,00:00,Enok Virgulino,"DJ Rata, DJ Jad e Discoteca Forró Veneno"
Palcos e Pistas,Centro,Pista Forró,"Centro - São Paulo, SP",24/05/2026,02:30,Diana do Sertão,"DJ Rata, DJ Jad e Discoteca Forró Veneno"
Palcos e Pistas,Centro,Pista Forró,"Centro - São Paulo, SP",24/05/2026,03:30,Nicolas Krassik,"DJ Rata, DJ Jad e Discoteca Forró Veneno"
Palcos e Pistas,Centro,Pista Forró,"Centro - São Paulo, SP",24/05/2026,05:00,Coisa de Zé,"DJ Rata, DJ Jad e Discoteca Forró Veneno"
Palcos e Pistas,Centro,Pista Forró,"Centro - São Paulo, SP",24/05/2026,08:00,Tiziu do Araripe,"DJ Rata, DJ Jad e Discoteca Forró Veneno"
Palcos e Pistas,Centro,Pista Forró,"Centro - São Paulo, SP",24/05/2026,11:00,Diego Oliveira,"DJ Rata, DJ Jad e Discoteca Forró Veneno"
Palcos e Pistas,Centro,Pista Forró,"Centro - São Paulo, SP",24/05/2026,13:30,Nando do Acordeon,"DJ Rata, DJ Jad e Discoteca Forró Veneno"
Palcos e Pistas,Centro,Pista Forró,"Centro - São Paulo, SP",24/05/2026,14:30,Téo dos 8 Baixos,"DJ Rata, DJ Jad e Discoteca Forró Veneno"
Palcos e Pistas,Centro,Pista Forró,"Centro - São Paulo, SP",24/05/2026,16:00,Trio Macaíba,"DJ Rata, DJ Jad e Discoteca Forró Veneno"
Palcos e Pistas,Centro,Pista Largo do Café,"Largo do Café s/n, Centro",23/05/2026,18:00,Escola de Mistérios,
Palcos e Pistas,Centro,Pista Largo do Café,"Largo do Café s/n, Centro",24/05/2026,00:00,Pista Quente,
Palcos e Pistas,Centro,Pista Largo do Café,"Largo do Café s/n, Centro",24/05/2026,06:00,Mareh,
Palcos e Pistas,Centro,Pista Largo do Café,"Largo do Café s/n, Centro",24/05/2026,12:00,Veraneio,
Palcos e Pistas,Centro,República,"Praça da República, São Paulo - SP",23/05/2026,18:00,Coisas Supremas - Allan Abbadia,
Palcos e Pistas,Centro,República,"Praça da República, São Paulo - SP",23/05/2026,20:30,Jazz Sabbath (UK),
Palcos e Pistas,Centro,República,"Praça da República, São Paulo - SP",23/05/2026,23:00,El Léon Pardo,
Palcos e Pistas,Centro,República,"Praça da República, São Paulo - SP",24/05/2026,05:30,Coletivo Superjazz convida Bocato e Reginaldo 16,
Palcos e Pistas,Centro,República,"Praça da República, São Paulo - SP",24/05/2026,14:00,The Mississippi Divas (EUA),
Palcos e Pistas,Centro,República,"Praça da República, São Paulo - SP",24/05/2026,16:00,Blues Etílicos,
Palcos e Pistas,Centro,República,"Praça da República, São Paulo - SP",24/05/2026,18:00,Banda Ira!,
Palcos e Pistas,Centro,Revelando na Sé,Praça Clóvis Beviláqua - Sé,23/05/2026,21:00,Doroty Marques,
Palcos e Pistas,Centro,Revelando na Sé,Praça Clóvis Beviláqua - Sé,23/05/2026,23:00,Tarancón,
Palcos e Pistas,Centro,Revelando na Sé,Praça Clóvis Beviláqua - Sé,24/05/2026,01:00,Zé Geraldo,
Palcos e Pistas,Centro,Revelando na Sé,Praça Clóvis Beviláqua - Sé,24/05/2026,03:00,Cordel do Fogo Encantado,
Palcos e Pistas,Centro,Revelando na Sé,Praça Clóvis Beviláqua - Sé,24/05/2026,05:00,Mariana Aydar,
Palcos e Pistas,Centro,Revelando na Sé,Praça Clóvis Beviláqua - Sé,24/05/2026,12:00,Semblanzas del Rio Guapi,
Palcos e Pistas,Centro,Revelando na Sé,Praça Clóvis Beviláqua - Sé,24/05/2026,14:00,Mario Lucio,
Palcos e Pistas,Centro,Revelando na Sé,Praça Clóvis Beviláqua - Sé,24/05/2026,16:00,Edil Pacheco,
Palcos e Pistas,Centro,Theatro Municipal,"Praça Ramos de Azevedo, s/n - República",23/05/2026,18:00,Eduardo Araújo e Anjo Gabriel - Sou Filho Deste Chão 1976,
Palcos e Pistas,Centro,Theatro Municipal,"Praça Ramos de Azevedo, s/n - República",23/05/2026,21:00,Evinha - Cartão Postal 1971,
Palcos e Pistas,Centro,Theatro Municipal,"Praça Ramos de Azevedo, s/n - República",24/05/2026,00:00,Claudya - Deixa eu Dizer 1973,
Palcos e Pistas,Centro,Theatro Municipal,"Praça Ramos de Azevedo, s/n - República",24/05/2026,03:00,Fausto Fawcett e os Robôs Efêmeros 1987,
Palcos e Pistas,Centro,Theatro Municipal,"Praça Ramos de Azevedo, s/n - República",24/05/2026,06:00,Mundo Livre S/A - Samba Esquema Noise 1994,
Palcos e Pistas,Centro,Theatro Municipal,"Praça Ramos de Azevedo, s/n - República",24/05/2026,09:00,As Mercenárias - Cadê as Armas 1986,
Palcos e Pistas,Centro,Theatro Municipal,"Praça Ramos de Azevedo, s/n - República",24/05/2026,12:00,Di Melo - Di Melo 1975,
Palcos e Pistas,Centro,Theatro Municipal,"Praça Ramos de Azevedo, s/n - República",24/05/2026,18:00,Baile do Simonal - México 70,
Palcos e Pistas,Centro,Xavier de Toledo - Discoteca Móvel Oneyda Alvarenga,"R. Cel. Xavier de Toledo, 161 a 280 - Consolação",23/05/2026,18:00,Dj Douglas na Kombi do DJ,
Palcos e Pistas,Centro,Xavier de Toledo - Discoteca Móvel Oneyda Alvarenga,"R. Cel. Xavier de Toledo, 161 a 280 - Consolação",23/05/2026,20:00,Dj Marina na Kombi do DJ,
Palcos e Pistas,Centro,Xavier de Toledo - Discoteca Móvel Oneyda Alvarenga,"R. Cel. Xavier de Toledo, 161 a 280 - Consolação",23/05/2026,22:00,Dj Rato na Kombi do DJ,
Palcos e Pistas,Centro,Xavier de Toledo - Discoteca Móvel Oneyda Alvarenga,"R. Cel. Xavier de Toledo, 161 a 280 - Consolação",24/05/2026,00:00,Dj Grand Master Ney na Kombi do DJ,
Palcos e Pistas,Centro,Xavier de Toledo - Discoteca Móvel Oneyda Alvarenga,"R. Cel. Xavier de Toledo, 161 a 280 - Consolação",24/05/2026,02:00,Dj Vini na Kombi do DJ,
Palcos e Pistas,Centro,Xavier de Toledo - Discoteca Móvel Oneyda Alvarenga,"R. Cel. Xavier de Toledo, 161 a 280 - Consolação",24/05/2026,04:00,Dj Tanio na Kombi do DJ,
Palcos e Pistas,Centro,Xavier de Toledo - Discoteca Móvel Oneyda Alvarenga,"R. Cel. Xavier de Toledo, 161 a 280 - Consolação",24/05/2026,06:00,Dj Paulinho na Kombi do DJ,
Palcos e Pistas,Centro,Xavier de Toledo - Discoteca Móvel Oneyda Alvarenga,"R. Cel. Xavier de Toledo, 161 a 280 - Consolação",24/05/2026,08:00,Dj Gudera na Kombi do DJ,
Palcos e Pistas,Centro,Xavier de Toledo - Discoteca Móvel Oneyda Alvarenga,"R. Cel. Xavier de Toledo, 161 a 280 - Consolação",24/05/2026,10:00,Dj Guizera na Kombi do DJ,
Palcos e Pistas,Centro,Xavier de Toledo - Discoteca Móvel Oneyda Alvarenga,"R. Cel. Xavier de Toledo, 161 a 280 - Consolação",24/05/2026,12:00,Dj Rata na Kombi do DJ,
Palcos e Pistas,Centro,Xavier de Toledo - Discoteca Móvel Oneyda Alvarenga,"R. Cel. Xavier de Toledo, 161 a 280 - Consolação",24/05/2026,14:00,Dj Magoo na Kombi do DJ,
Palcos e Pistas,Centro,Xavier de Toledo - Discoteca Móvel Oneyda Alvarenga,"R. Cel. Xavier de Toledo, 161 a 280 - Consolação",24/05/2026,16:00,Dj Márcio na Kombi do DJ,
Palcos e Pistas,Centro,República - Coreto,"Praça da República, São Paulo - SP",24/05/2026,00:00,Cortejo da Fanfarra Xamego,
Palcos e Pistas,Centro,República - Coreto,"Praça da República, São Paulo - SP",24/05/2026,00:00,Cortejo das Manas,
Palcos e Pistas,Palcos ZL,Palco Belém,"Largo São José do Belém, 108 - Belenzinho",24/05/2026,09:40,Coral AD Belém,
Palcos e Pistas,Palcos ZL,Palco Belém,"Largo São José do Belém, 108 - Belenzinho",24/05/2026,12:30,Marcados,
Palcos e Pistas,Palcos ZL,Palco Belém,"Largo São José do Belém, 108 - Belenzinho",24/05/2026,14:00,Cassiane,
Palcos e Pistas,Palcos ZL,Palco Belém,"Largo São José do Belém, 108 - Belenzinho",24/05/2026,15:20,Eyshila,
Palcos e Pistas,Palcos ZL,Palco Belém,"Largo São José do Belém, 108 - Belenzinho",24/05/2026,16:40,Sarah Farias,
Palcos e Pistas,Palcos ZL,Palco Belém,"Largo São José do Belém, 108 - Belenzinho",24/05/2026,17:50,Ton Carfi,
Palcos e Pistas,Palcos ZL,Palco Cidade Tiradentes,"Rua Inácio Monteiro, 6900 - Conjunto Habitacional Sítio Conceição",23/05/2026,17:00,Cris Estilo Negona,
Palcos e Pistas,Palcos ZL,Palco Cidade Tiradentes,"Rua Inácio Monteiro, 6900 - Conjunto Habitacional Sítio Conceição",23/05/2026,18:00,DJ WJay,
Palcos e Pistas,Palcos ZL,Palco Cidade Tiradentes,"Rua Inácio Monteiro, 6900 - Conjunto Habitacional Sítio Conceição",23/05/2026,21:30,Yunk Vino,
Palcos e Pistas,Palcos ZL,Palco Cidade Tiradentes,"Rua Inácio Monteiro, 6900 - Conjunto Habitacional Sítio Conceição",24/05/2026,00:00,DJ WJay,
Palcos e Pistas,Palcos ZL,Palco Cidade Tiradentes,"Rua Inácio Monteiro, 6900 - Conjunto Habitacional Sítio Conceição",24/05/2026,10:00,Nego Max,
Palcos e Pistas,Palcos ZL,Palco Cidade Tiradentes,"Rua Inácio Monteiro, 6900 - Conjunto Habitacional Sítio Conceição",24/05/2026,12:00,Neto Trindade,
Palcos e Pistas,Palcos ZL,Palco Cidade Tiradentes,"Rua Inácio Monteiro, 6900 - Conjunto Habitacional Sítio Conceição",24/05/2026,14:30,Junior Marques,
Palcos e Pistas,Palcos ZL,Palco Cidade Tiradentes,"Rua Inácio Monteiro, 6900 - Conjunto Habitacional Sítio Conceição",24/05/2026,16:30,Sambô,
Palcos e Pistas,Palcos ZL,Palco Guaianases,"Av. Ribeirão Itaquera, 67 - Vila Princesa Isabel",23/05/2026,17:00,Poder Bélico da Favela,
Palcos e Pistas,Palcos ZL,Palco Guaianases,"Av. Ribeirão Itaquera, 67 - Vila Princesa Isabel",23/05/2026,18:00,Dj Rogerião,
Palcos e Pistas,Palcos ZL,Palco Guaianases,"Av. Ribeirão Itaquera, 67 - Vila Princesa Isabel",23/05/2026,19:30,Vitor Kley,
Palcos e Pistas,Palcos ZL,Palco Guaianases,"Av. Ribeirão Itaquera, 67 - Vila Princesa Isabel",24/05/2026,00:00,Dj Rogerião,
Palcos e Pistas,Palcos ZL,Palco Guaianases,"Av. Ribeirão Itaquera, 67 - Vila Princesa Isabel",24/05/2026,10:00,Quelynah,
Palcos e Pistas,Palcos ZL,Palco Guaianases,"Av. Ribeirão Itaquera, 67 - Vila Princesa Isabel",24/05/2026,12:00,Doce Encontro,
Palcos e Pistas,Palcos ZL,Palco Guaianases,"Av. Ribeirão Itaquera, 67 - Vila Princesa Isabel",24/05/2026,14:30,Sofia Brasil,
Palcos e Pistas,Palcos ZL,Palco Guaianases,"Av. Ribeirão Itaquera, 67 - Vila Princesa Isabel",24/05/2026,16:30,Michel Teló,
Palcos e Pistas,Palcos ZL,Palco São Miguel Paulista,"Av. Dep. Dr. José A. Pinotti, 80 - Cidade Nova São Miguel",23/05/2026,16:00,Expressão Regueira,
Palcos e Pistas,Palcos ZL,Palco São Miguel Paulista,"Av. Dep. Dr. José A. Pinotti, 80 - Cidade Nova São Miguel",23/05/2026,17:00,Quinta Rasta,
Palcos e Pistas,Palcos ZL,Palco São Miguel Paulista,"Av. Dep. Dr. José A. Pinotti, 80 - Cidade Nova São Miguel",23/05/2026,18:00,DJ Amanda Lig,
Palcos e Pistas,Palcos ZL,Palco São Miguel Paulista,"Av. Dep. Dr. José A. Pinotti, 80 - Cidade Nova São Miguel",23/05/2026,19:30,Western Standard Time Ska Orchestra,
Palcos e Pistas,Palcos ZL,Palco São Miguel Paulista,"Av. Dep. Dr. José A. Pinotti, 80 - Cidade Nova São Miguel",23/05/2026,21:30,Djavu,
Palcos e Pistas,Palcos ZL,Palco São Miguel Paulista,"Av. Dep. Dr. José A. Pinotti, 80 - Cidade Nova São Miguel",24/05/2026,00:00,DJ Amanda Lig,
Palcos e Pistas,Palcos ZL,Palco São Miguel Paulista,"Av. Dep. Dr. José A. Pinotti, 80 - Cidade Nova São Miguel",24/05/2026,10:00,Arthur Freestyle,
Palcos e Pistas,Palcos ZL,Palco São Miguel Paulista,"Av. Dep. Dr. José A. Pinotti, 80 - Cidade Nova São Miguel",24/05/2026,12:00,Léo Maia,
Palcos e Pistas,Palcos ZL,Palco São Miguel Paulista,"Av. Dep. Dr. José A. Pinotti, 80 - Cidade Nova São Miguel",24/05/2026,14:30,Latino,
Palcos e Pistas,Palcos ZL,Palco São Miguel Paulista,"Av. Dep. Dr. José A. Pinotti, 80 - Cidade Nova São Miguel",24/05/2026,16:30,Luisa Sonza,
Palcos e Pistas,Palcos ZL,Palco Sapopemba,"Av. Arquiteto Vilanova Artigas, 3547 - Conj. Hab. Teotônio",23/05/2026,17:00,Barra da Saia,
Palcos e Pistas,Palcos ZL,Palco Sapopemba,"Av. Arquiteto Vilanova Artigas, 3547 - Conj. Hab. Teotônio",23/05/2026,18:00,DJ Cranmary,
Palcos e Pistas,Palcos ZL,Palco Sapopemba,"Av. Arquiteto Vilanova Artigas, 3547 - Conj. Hab. Teotônio",23/05/2026,19:30,MV Bill,
Palcos e Pistas,Palcos ZL,Palco Sapopemba,"Av. Arquiteto Vilanova Artigas, 3547 - Conj. Hab. Teotônio",23/05/2026,21:30,Dilsinho,
Palcos e Pistas,Palcos ZL,Palco Sapopemba,"Av. Arquiteto Vilanova Artigas, 3547 - Conj. Hab. Teotônio",24/05/2026,00:00,DJ Cranmary,
Palcos e Pistas,Palcos ZL,Palco Sapopemba,"Av. Arquiteto Vilanova Artigas, 3547 - Conj. Hab. Teotônio",24/05/2026,10:00,Edu Letti,
Palcos e Pistas,Palcos ZL,Palco Sapopemba,"Av. Arquiteto Vilanova Artigas, 3547 - Conj. Hab. Teotônio",24/05/2026,12:00,Mato Seco,
Palcos e Pistas,Palcos ZL,Palco Sapopemba,"Av. Arquiteto Vilanova Artigas, 3547 - Conj. Hab. Teotônio",24/05/2026,14:30,Onze:20,
Palcos e Pistas,Palcos ZL,Palco Sapopemba,"Av. Arquiteto Vilanova Artigas, 3547 - Conj. Hab. Teotônio",24/05/2026,16:30,Marcelo Falcão,
Palcos e Pistas,Palcos ZL,Parque do Carmo - Itaquera,"Av. Afonso de Sampaio e Sousa, 951 - Itaquera",23/05/2026,18:00,Dj Carol Selecta,
Palcos e Pistas,Palcos ZL,Parque do Carmo - Itaquera,"Av. Afonso de Sampaio e Sousa, 951 - Itaquera",24/05/2026,00:00,Dj Carol Selecta,
Palcos e Pistas,Palcos ZL,Parque do Carmo - Itaquera,"Av. Afonso de Sampaio e Sousa, 951 - Itaquera",24/05/2026,10:00,Filafro,
Palcos e Pistas,Palcos ZL,Parque do Carmo - Itaquera,"Av. Afonso de Sampaio e Sousa, 951 - Itaquera",24/05/2026,12:00,Pagode da 27,
Palcos e Pistas,Palcos ZL,Parque do Carmo - Itaquera,"Av. Afonso de Sampaio e Sousa, 951 - Itaquera",24/05/2026,14:30,Samba Lado Leste,
Palcos e Pistas,Palcos ZL,Parque do Carmo - Itaquera,"Av. Afonso de Sampaio e Sousa, 951 - Itaquera",24/05/2026,16:30,Thiaguinho,
Palcos e Pistas,Palcos ZN,Palco Freguesia do Ó / Brasilândia,"Av. Miguel Conejo, 1718 - Vila Albertina",23/05/2026,16:00,Morro da Casa Verde,
Palcos e Pistas,Palcos ZN,Palco Freguesia do Ó / Brasilândia,"Av. Miguel Conejo, 1718 - Vila Albertina",23/05/2026,17:00,Banda 51,
Palcos e Pistas,Palcos ZN,Palco Freguesia do Ó / Brasilândia,"Av. Miguel Conejo, 1718 - Vila Albertina",23/05/2026,18:00,DJ Seed Selector,
Palcos e Pistas,Palcos ZN,Palco Freguesia do Ó / Brasilândia,"Av. Miguel Conejo, 1718 - Vila Albertina",23/05/2026,19:30,Léo e Jr,
Palcos e Pistas,Palcos ZN,Palco Freguesia do Ó / Brasilândia,"Av. Miguel Conejo, 1718 - Vila Albertina",23/05/2026,21:30,Titãs,
Palcos e Pistas,Palcos ZN,Palco Freguesia do Ó / Brasilândia,"Av. Miguel Conejo, 1718 - Vila Albertina",24/05/2026,00:00,DJ Seed Selector,
Palcos e Pistas,Palcos ZN,Palco Freguesia do Ó / Brasilândia,"Av. Miguel Conejo, 1718 - Vila Albertina",24/05/2026,09:00,Coral Degraus e convidado,
Palcos e Pistas,Palcos ZN,Palco Freguesia do Ó / Brasilândia,"Av. Miguel Conejo, 1718 - Vila Albertina",24/05/2026,10:30,Polenta Rock Show,
Palcos e Pistas,Palcos ZN,Palco Freguesia do Ó / Brasilândia,"Av. Miguel Conejo, 1718 - Vila Albertina",24/05/2026,12:00,Arlindinho,
Palcos e Pistas,Palcos ZN,Palco Freguesia do Ó / Brasilândia,"Av. Miguel Conejo, 1718 - Vila Albertina",24/05/2026,14:30,Demônios da Garoa,
Palcos e Pistas,Palcos ZN,Palco Freguesia do Ó / Brasilândia,"Av. Miguel Conejo, 1718 - Vila Albertina",24/05/2026,16:30,Sidney Magal,
Palcos e Pistas,Palcos ZN,Palco Parada Inglesa,"Av. Luiz Dumont Villares, 1556 - Jardim São Paulo",23/05/2026,16:00,Acadêmicos do Tucuruvi,
Palcos e Pistas,Palcos ZN,Palco Parada Inglesa,"Av. Luiz Dumont Villares, 1556 - Jardim São Paulo",23/05/2026,17:00,Ana Cañas,
Palcos e Pistas,Palcos ZN,Palco Parada Inglesa,"Av. Luiz Dumont Villares, 1556 - Jardim São Paulo",23/05/2026,18:00,DJ Seed Selector,
Palcos e Pistas,Palcos ZN,Palco Parada Inglesa,"Av. Luiz Dumont Villares, 1556 - Jardim São Paulo",23/05/2026,19:30,Bicho de Pé,
Palcos e Pistas,Palcos ZN,Palco Parada Inglesa,"Av. Luiz Dumont Villares, 1556 - Jardim São Paulo",23/05/2026,21:30,Wanessa,
Palcos e Pistas,Palcos ZN,Palco Parada Inglesa,"Av. Luiz Dumont Villares, 1556 - Jardim São Paulo",24/05/2026,00:00,DJ Seed Selector,
Palcos e Pistas,Palcos ZN,Palco Parada Inglesa,"Av. Luiz Dumont Villares, 1556 - Jardim São Paulo",24/05/2026,10:00,Davi Cartaxo,
Palcos e Pistas,Palcos ZN,Palco Parada Inglesa,"Av. Luiz Dumont Villares, 1556 - Jardim São Paulo",24/05/2026,12:00,Simoninha,
Palcos e Pistas,Palcos ZN,Palco Parada Inglesa,"Av. Luiz Dumont Villares, 1556 - Jardim São Paulo",24/05/2026,14:30,BenzaDeus,
Palcos e Pistas,Palcos ZN,Palco Parada Inglesa,"Av. Luiz Dumont Villares, 1556 - Jardim São Paulo",24/05/2026,16:30,Mumuzinho,
Palcos e Pistas,Palcos ZO,Palco Butantã,"Av. Pirajussara, 3866 - Instituto de Previdência",23/05/2026,17:00,Black Pantera,
Palcos e Pistas,Palcos ZO,Palco Butantã,"Av. Pirajussara, 3866 - Instituto de Previdência",23/05/2026,18:40,Matanza Ritual,
Palcos e Pistas,Palcos ZO,Palco Butantã,"Av. Pirajussara, 3866 - Instituto de Previdência",23/05/2026,20:20,Edu Falaschi,
Palcos e Pistas,Palcos ZO,Palco Butantã,"Av. Pirajussara, 3866 - Instituto de Previdência",23/05/2026,23:00,DJ Foca,
Palcos e Pistas,Palcos ZO,Palco Butantã,"Av. Pirajussara, 3866 - Instituto de Previdência",24/05/2026,10:00,Hurricanes,
Palcos e Pistas,Palcos ZO,Palco Butantã,"Av. Pirajussara, 3866 - Instituto de Previdência",24/05/2026,11:00,Eskrota,
Palcos e Pistas,Palcos ZO,Palco Butantã,"Av. Pirajussara, 3866 - Instituto de Previdência",24/05/2026,13:40,CPM 22,
Palcos e Pistas,Palcos ZO,Palco Butantã,"Av. Pirajussara, 3866 - Instituto de Previdência",24/05/2026,15:20,Raimundos,
Palcos e Pistas,Palcos ZO,Palco Butantã,"Av. Pirajussara, 3866 - Instituto de Previdência",24/05/2026,17:00,Biquini Cavadão,
Palcos e Pistas,Palcos ZO,Palco Butantã,"Av. Pirajussara, 3866 - Instituto de Previdência",24/05/2026,18:00,DJ Foca,
Palcos e Pistas,Palcos ZS,Palco Campo Limpo,"R. Dr. Joviano Pacheco de Aguirre, 30 - Jardim Bom Refúgio",23/05/2026,17:00,Reginaldo Samma,
Palcos e Pistas,Palcos ZS,Palco Campo Limpo,"R. Dr. Joviano Pacheco de Aguirre, 30 - Jardim Bom Refúgio",23/05/2026,18:00,DJ Zero Macgaren,
Palcos e Pistas,Palcos ZS,Palco Campo Limpo,"R. Dr. Joviano Pacheco de Aguirre, 30 - Jardim Bom Refúgio",23/05/2026,19:30,Beto Barbosa,
Palcos e Pistas,Palcos ZS,Palco Campo Limpo,"R. Dr. Joviano Pacheco de Aguirre, 30 - Jardim Bom Refúgio",23/05/2026,21:30,Kyan,
Palcos e Pistas,Palcos ZS,Palco Campo Limpo,"R. Dr. Joviano Pacheco de Aguirre, 30 - Jardim Bom Refúgio",24/05/2026,00:00,DJ Zero Macgaren,
Palcos e Pistas,Palcos ZS,Palco Campo Limpo,"R. Dr. Joviano Pacheco de Aguirre, 30 - Jardim Bom Refúgio",24/05/2026,10:00,Jotinha do Forró,
Palcos e Pistas,Palcos ZS,Palco Campo Limpo,"R. Dr. Joviano Pacheco de Aguirre, 30 - Jardim Bom Refúgio",24/05/2026,12:00,Ana Rafaela,
Palcos e Pistas,Palcos ZS,Palco Campo Limpo,"R. Dr. Joviano Pacheco de Aguirre, 30 - Jardim Bom Refúgio",24/05/2026,14:30,Kaique e Felipe,
Palcos e Pistas,Palcos ZS,Palco Campo Limpo,"R. Dr. Joviano Pacheco de Aguirre, 30 - Jardim Bom Refúgio",24/05/2026,16:30,Guilherme e Santiago,
Palcos e Pistas,Palcos ZS,Palco 7 Campos - Cidade Ademar,"R. do Campo, 118 - Cidade Júlia",23/05/2026,17:00,Trio Amizade Forró e Cangaço,
Palcos e Pistas,Palcos ZS,Palco 7 Campos - Cidade Ademar,"R. do Campo, 118 - Cidade Júlia",23/05/2026,18:00,DJ Izac Soares,
Palcos e Pistas,Palcos ZS,Palco 7 Campos - Cidade Ademar,"R. do Campo, 118 - Cidade Júlia",23/05/2026,19:30,Ju Marques,
Palcos e Pistas,Palcos ZS,Palco 7 Campos - Cidade Ademar,"R. do Campo, 118 - Cidade Júlia",23/05/2026,21:30,Michele Andrade,
Palcos e Pistas,Palcos ZS,Palco 7 Campos - Cidade Ademar,"R. do Campo, 118 - Cidade Júlia",24/05/2026,00:00,DJ Izac Soares,
Palcos e Pistas,Palcos ZS,Palco 7 Campos - Cidade Ademar,"R. do Campo, 118 - Cidade Júlia",24/05/2026,10:00,Jean Carlo e Banda,
Palcos e Pistas,Palcos ZS,Palco 7 Campos - Cidade Ademar,"R. do Campo, 118 - Cidade Júlia",24/05/2026,12:00,Bruninho e Davi,
Palcos e Pistas,Palcos ZS,Palco 7 Campos - Cidade Ademar,"R. do Campo, 118 - Cidade Júlia",24/05/2026,14:30,Os Caras do Arrocha,
Palcos e Pistas,Palcos ZS,Palco 7 Campos - Cidade Ademar,"R. do Campo, 118 - Cidade Júlia",24/05/2026,16:30,Péricles,
Palcos e Pistas,Palcos ZS,Palco Grajaú,"R. Prof. Oscar Barreto Filho, 252 - Parque América",23/05/2026,17:00,Crespos Retratos,
Palcos e Pistas,Palcos ZS,Palco Grajaú,"R. Prof. Oscar Barreto Filho, 252 - Parque América",23/05/2026,21:30,Pagode da 27,
Palcos e Pistas,Palcos ZS,Palco Grajaú,"R. Prof. Oscar Barreto Filho, 252 - Parque América",24/05/2026,00:00,DJ Andrezinho,
Palcos e Pistas,Palcos ZS,Palco Grajaú,"R. Prof. Oscar Barreto Filho, 252 - Parque América",24/05/2026,10:00,Mana Bela,
Palcos e Pistas,Palcos ZS,Palco Grajaú,"R. Prof. Oscar Barreto Filho, 252 - Parque América",24/05/2026,12:00,Fênix (funk das antigas),
Palcos e Pistas,Palcos ZS,Palco Grajaú,"R. Prof. Oscar Barreto Filho, 252 - Parque América",24/05/2026,14:30,Fleezus,
Palcos e Pistas,Palcos ZS,Palco Grajaú,"R. Prof. Oscar Barreto Filho, 252 - Parque América",24/05/2026,16:30,Tasha e Tracie,
Palcos e Pistas,Palcos ZS,Palco Grajaú,"R. Prof. Oscar Barreto Filho, 252 - Parque América",24/05/2026,18:00,DJ Andrezinho,
Palcos e Pistas,Palcos ZS,Palco Heliópolis/Ipiranga,"Av. Almirante Delamare, 1337 - Vila Heliópolis",23/05/2026,17:00,Nego Zé,
Palcos e Pistas,Palcos ZS,Palco Heliópolis/Ipiranga,"Av. Almirante Delamare, 1337 - Vila Heliópolis",23/05/2026,18:00,DJ Seth 011,
Palcos e Pistas,Palcos ZS,Palco Heliópolis/Ipiranga,"Av. Almirante Delamare, 1337 - Vila Heliópolis",23/05/2026,19:30,Filho do Piseiro,
Palcos e Pistas,Palcos ZS,Palco Heliópolis/Ipiranga,"Av. Almirante Delamare, 1337 - Vila Heliópolis",23/05/2026,21:30,Cristiano Pipow,
Palcos e Pistas,Palcos ZS,Palco Heliópolis/Ipiranga,"Av. Almirante Delamare, 1337 - Vila Heliópolis",24/05/2026,00:00,DJ Seth 011,
Palcos e Pistas,Palcos ZS,Palco Heliópolis/Ipiranga,"Av. Almirante Delamare, 1337 - Vila Heliópolis",24/05/2026,10:00,Grupo Mania,
Palcos e Pistas,Palcos ZS,Palco Heliópolis/Ipiranga,"Av. Almirante Delamare, 1337 - Vila Heliópolis",24/05/2026,12:00,Moa Bina,
Palcos e Pistas,Palcos ZS,Palco Heliópolis/Ipiranga,"Av. Almirante Delamare, 1337 - Vila Heliópolis",24/05/2026,14:30,Dy Primeira,
Palcos e Pistas,Palcos ZS,Palco Heliópolis/Ipiranga,"Av. Almirante Delamare, 1337 - Vila Heliópolis",24/05/2026,16:30,Vitor Fernandes,
Palcos e Pistas,Palcos ZS,Palco Jardim Myrna,"Av. Antonio Carlos Benjamin dos Santos, 2945 - Jardim Myrna",23/05/2026,18:00,DJ Liside,
Palcos e Pistas,Palcos ZS,Palco Jardim Myrna,"Av. Antonio Carlos Benjamin dos Santos, 2945 - Jardim Myrna",23/05/2026,19:30,Cintura de Mola,
Palcos e Pistas,Palcos ZS,Palco Jardim Myrna,"Av. Antonio Carlos Benjamin dos Santos, 2945 - Jardim Myrna",23/05/2026,21:30,Paula Mattos,
Palcos e Pistas,Palcos ZS,Palco Jardim Myrna,"Av. Antonio Carlos Benjamin dos Santos, 2945 - Jardim Myrna",24/05/2026,00:00,DJ Liside,
Palcos e Pistas,Palcos ZS,Palco Jardim Myrna,"Av. Antonio Carlos Benjamin dos Santos, 2945 - Jardim Myrna",24/05/2026,10:00,Bia Soceck,
Palcos e Pistas,Palcos ZS,Palco Jardim Myrna,"Av. Antonio Carlos Benjamin dos Santos, 2945 - Jardim Myrna",24/05/2026,12:00,Felipe e Rodrigo,
Palcos e Pistas,Palcos ZS,Palco Jardim Myrna,"Av. Antonio Carlos Benjamin dos Santos, 2945 - Jardim Myrna",24/05/2026,14:30,Jeito Moleque,
Palcos e Pistas,Palcos ZS,Palco Jardim Myrna,"Av. Antonio Carlos Benjamin dos Santos, 2945 - Jardim Myrna",24/05/2026,16:30,Pixote,
Palcos e Pistas,Palcos ZS,Palco M'Boi Mirim,"Av. Luiz Gushiken, 2140 - Chácara Santana",23/05/2026,17:00,Tirambaço,
Palcos e Pistas,Palcos ZS,Palco M'Boi Mirim,"Av. Luiz Gushiken, 2140 - Chácara Santana",23/05/2026,18:00,DJ Bulgarelli,
Palcos e Pistas,Palcos ZS,Palco M'Boi Mirim,"Av. Luiz Gushiken, 2140 - Chácara Santana",23/05/2026,19:30,Dexter + EdiRock,
Palcos e Pistas,Palcos ZS,Palco M'Boi Mirim,"Av. Luiz Gushiken, 2140 - Chácara Santana",23/05/2026,21:30,Israel e Rodolfo,
Palcos e Pistas,Palcos ZS,Palco M'Boi Mirim,"Av. Luiz Gushiken, 2140 - Chácara Santana",24/05/2026,00:00,DJ Bulgarelli,
Palcos e Pistas,Palcos ZS,Palco M'Boi Mirim,"Av. Luiz Gushiken, 2140 - Chácara Santana",24/05/2026,10:00,Darlan,
Palcos e Pistas,Palcos ZS,Palco M'Boi Mirim,"Av. Luiz Gushiken, 2140 - Chácara Santana",24/05/2026,12:00,Pagode dos Ex,
Palcos e Pistas,Palcos ZS,Palco M'Boi Mirim,"Av. Luiz Gushiken, 2140 - Chácara Santana",24/05/2026,14:30,Duquesa,
Palcos e Pistas,Palcos ZS,Palco M'Boi Mirim,"Av. Luiz Gushiken, 2140 - Chácara Santana",24/05/2026,16:30,Gustavo Mioto,
Palcos e Pistas,Palcos ZS,Palco Parelheiros,"Rua Terezinha do Prado Oliveira, 100 - Jardim Novo Parelheiros",23/05/2026,16:00,Junior Torres,
Palcos e Pistas,Palcos ZS,Palco Parelheiros,"Rua Terezinha do Prado Oliveira, 100 - Jardim Novo Parelheiros",23/05/2026,17:00,Phelipe Soares,
Palcos e Pistas,Palcos ZS,Palco Parelheiros,"Rua Terezinha do Prado Oliveira, 100 - Jardim Novo Parelheiros",23/05/2026,18:00,DJ Poiano Stella,
Palcos e Pistas,Palcos ZS,Palco Parelheiros,"Rua Terezinha do Prado Oliveira, 100 - Jardim Novo Parelheiros",23/05/2026,19:00,Munhoz e Mariano,
Palcos e Pistas,Palcos ZS,Palco Parelheiros,"Rua Terezinha do Prado Oliveira, 100 - Jardim Novo Parelheiros",23/05/2026,21:30,Arlindinho,
Palcos e Pistas,Palcos ZS,Palco Parelheiros,"Rua Terezinha do Prado Oliveira, 100 - Jardim Novo Parelheiros",24/05/2026,00:00,DJ Poiano Stella,
Palcos e Pistas,Palcos ZS,Palco Parelheiros,"Rua Terezinha do Prado Oliveira, 100 - Jardim Novo Parelheiros",24/05/2026,10:00,Valmor Santana,
Palcos e Pistas,Palcos ZS,Palco Parelheiros,"Rua Terezinha do Prado Oliveira, 100 - Jardim Novo Parelheiros",24/05/2026,12:00,Bruno Rosa,
Palcos e Pistas,Palcos ZS,Palco Parelheiros,"Rua Terezinha do Prado Oliveira, 100 - Jardim Novo Parelheiros",24/05/2026,14:30,Beto Barbosa,
Palcos e Pistas,Palcos ZS,Palco Parelheiros,"Rua Terezinha do Prado Oliveira, 100 - Jardim Novo Parelheiros",24/05/2026,16:30,Clayton e Romário,
Palcos e Pistas,Palcos ZS,Palco Parelheiros,"Rua Terezinha do Prado Oliveira, 100 - Jardim Novo Parelheiros",24/05/2026,19:00,Roberta Miranda,
Equipamentos Culturais,,Arquivo Histórico Municipal,"Praça Cel. Fernando Prestes, 152 - Bom Retiro",23/05/2026,10:30,Roda de bordado em fotografia: Experimentação poética.,
Equipamentos Culturais,Bibliotecas,Biblioteca Camila Cerqueira César,"R. Valdemar Sanches, 41 - Butantã",23/05/2026,10:00,Brincando com a dança,
Equipamentos Culturais,Bibliotecas,Biblioteca Camila Cerqueira César,"R. Valdemar Sanches, 41 - Butantã",23/05/2026,12:00,O Circo da Lona Preta,
Equipamentos Culturais,Bibliotecas,Biblioteca Belmonte - Santo Amaro,"R. Paulo Eiró, 525 - Santo Amaro",23/05/2026,10:00,Sarau Serelepe com Baque CT,
Equipamentos Culturais,Bibliotecas,Biblioteca Belmonte - Santo Amaro,"R. Paulo Eiró, 525 - Santo Amaro",23/05/2026,13:00,Roda de Capoeira contemporânea com Mestre Jaburu,
Equipamentos Culturais,Bibliotecas,Biblioteca Brito Broca,"Av. Mutinga, 1425 - Vila Pirituba",23/05/2026,10:00,Cacuriando,
Equipamentos Culturais,Bibliotecas,Biblioteca Brito Broca,"Av. Mutinga, 1425 - Vila Pirituba",23/05/2026,12:00,Da Terra ao Céu,
Equipamentos Culturais,Bibliotecas,Biblioteca Álvaro Guerra,"Av. Pedroso de Morais, 1919 - Pinheiros",23/05/2026,10:00,Feira de troca de livros e gibis,
Equipamentos Culturais,Bibliotecas,Biblioteca Anne Frank (CCD),"R. Cojuba, 45 - Itaim Bibi",23/05/2026,11:00,Sarau em Trânsito,
Equipamentos Culturais,Bibliotecas,Biblioteca Hans Christian Andersen,"Av. Celso Garcia, 4142 - Tatuapé",23/05/2026,10:00,Estripulias Di Picadeiro,
Equipamentos Culturais,Bibliotecas,Biblioteca Hans Christian Andersen,"Av. Celso Garcia, 4142 - Tatuapé",23/05/2026,12:00,A Vovó Tá On!,
Equipamentos Culturais,Bibliotecas,Biblioteca Malba Tahan - Capela do Socorro,"R. Brás Pires Meira, 100 - Jardim Susana",23/05/2026,11:00,A Lenda do Desaparecimento do Sol,
Equipamentos Culturais,Bibliotecas,Biblioteca Malba Tahan - Capela do Socorro,"R. Brás Pires Meira, 100 - Jardim Susana",23/05/2026,13:00,Sarau Preto no Branco,
Equipamentos Culturais,Bibliotecas,Biblioteca Mário Schenberg,"R. Catão, 611 - Vila Romana",23/05/2026,10:00,Histórias de Pretinhas para todas as idades,
Equipamentos Culturais,Bibliotecas,Biblioteca Mário Schenberg,"R. Catão, 611 - Vila Romana",23/05/2026,11:00,O Penúltimo Sinal,
Equipamentos Culturais,Bibliotecas,Biblioteca Mário Schenberg,"R. Catão, 611 - Vila Romana",23/05/2026,12:00,O Penúltimo Sinal,
Equipamentos Culturais,Bibliotecas,Biblioteca Mário Schenberg,"R. Catão, 611 - Vila Romana",23/05/2026,13:00,Hours Jazz Group,
Equipamentos Culturais,Bibliotecas,Biblioteca José Mauro - Parque Edu Chaves,"Praça Comandante Eduardo de Oliveira, 100 - Parque Edu Chaves",23/05/2026,13:00,"A feira de Chico, Gonzaga e Jackson",
Equipamentos Culturais,Bibliotecas,Biblioteca Padre José de Anchieta,"R. Antônio Maia, 651 - Vila Perus",23/05/2026,10:00,Canções de Girafolão e outros bichos diferentes,
Equipamentos Culturais,Bibliotecas,Biblioteca Padre José de Anchieta,"R. Antônio Maia, 651 - Vila Perus",23/05/2026,13:00,Bora Jogar Perus – Jogos de Tabuleiro Modernos,
Equipamentos Culturais,Bibliotecas,Biblioteca Padre José de Anchieta,"R. Antônio Maia, 651 - Vila Perus",23/05/2026,13:00,Congo do Embodeiro Queixada,
Equipamentos Culturais,Bibliotecas,Biblioteca Padre José de Anchieta,"R. Antônio Maia, 651 - Vila Perus",23/05/2026,15:00,Capoeira,
Equipamentos Culturais,Bibliotecas,Biblioteca Paulo Duarte - Jabaquara,"R. Arsênio Tavolieri, 45 - Jardim Oriental",23/05/2026,10:00,O caminho dos tambores,
Equipamentos Culturais,Bibliotecas,Biblioteca Paulo Duarte - Jabaquara,"R. Arsênio Tavolieri, 45 - Jardim Oriental",23/05/2026,13:00,Sarau do Slam Oz,
Equipamentos Culturais,Bibliotecas,Biblioteca Paulo Sérgio Duarte Milliet,"Praça Ituzaingó, s/n - Vila Reg. Feijó",23/05/2026,10:30,Contação de histórias com a Benvinda Cia,
Equipamentos Culturais,Bibliotecas,Biblioteca Paulo Sérgio Duarte Milliet,"Praça Ituzaingó, s/n - Vila Reg. Feijó",23/05/2026,11:00,Causos de Bichos do Brasil,
Equipamentos Culturais,Bibliotecas,Biblioteca Paulo Sérgio Duarte Milliet,"Praça Ituzaingó, s/n - Vila Reg. Feijó",23/05/2026,13:00,Carimbó Ritmos e Raízes,
Equipamentos Culturais,Bibliotecas,Biblioteca Raul Bopp - Aclimação,"Rua Muniz de Sousa, 1155 - Aclimação",23/05/2026,10:00,Histórias ao Som da Rabeca,
Equipamentos Culturais,Bibliotecas,Biblioteca Raul Bopp - Aclimação,"Rua Muniz de Sousa, 1155 - Aclimação",23/05/2026,13:00,Brincadeira que Encanta - O Cirquinho das Primeiras Emoções,
Equipamentos Culturais,Bibliotecas,Biblioteca Ricardo Ramos - Vila Prudente,"Praça do Centenário de Vila Prudente, 25 - Vila Prudente",23/05/2026,10:30,"Pegue, Leve e Leia",
Equipamentos Culturais,Bibliotecas,Biblioteca Ricardo Ramos - Vila Prudente,"Praça do Centenário de Vila Prudente, 25 - Vila Prudente",23/05/2026,11:00,Histórias Africanas e Afro-Brasileiras para a Primeira Infância,
Equipamentos Culturais,Bibliotecas,Biblioteca Roberto Santos,"R. Cisplatina, 505 - Ipiranga",23/05/2026,13:00,"Brincando, Contando e Criando Bonecas Abayomis",
Equipamentos Culturais,Bibliotecas,Biblioteca Viriato Corrêa,"R. Sena Madureira, 298 - Vila Mariana",23/05/2026,10:30,Meditação,
Equipamentos Culturais,Bibliotecas,Biblioteca Viriato Corrêa,"R. Sena Madureira, 298 - Vila Mariana",23/05/2026,22:00,Fantástica Jornada Noite Adentro - Um Olhar aos Mundos da Magia,
Equipamentos Culturais,Bibliotecas,Biblioteca Viriato Corrêa,"R. Sena Madureira, 298 - Vila Mariana",24/05/2026,10:00,Oficina de Espanhol,
Equipamentos Culturais,Bibliotecas,Biblioteca Viriato Corrêa,"R. Sena Madureira, 298 - Vila Mariana",24/05/2026,15:00,Oficina de Desafios Criativos,
Equipamentos Culturais,Bibliotecas,Bosque de Leitura Chácara do Jockey,"R. Santa Crescência, 201 - Ferreira",23/05/2026,10:30,Performance - Intervenção artística: Entre Sopros de Palavras e Miudezas,
Equipamentos Culturais,Bibliotecas,Bosque de Leitura Parque Anhanguera,Parque Anhanguera,24/05/2026,15:00,Arvoreteca,
